"Type","Revenue","Sessions","ConversionRate"
"Non-paid",351272.71,181389,0.0144716603542662
"Paid",29471.84,38312,0.0119805804969722
